{
  "clustering_results": {
    "kmeans": {
      "n_clusters": 5,
      "cluster_labels": [
        3,
        1,
        0,
        1,
        2,
        1,
        1,
        0,
        0,
        0,
        2,
        4,
        1,
        1
      ],
      "cluster_centers": [
        [
          1.4788162770342566,
          1.478816277034256,
          0.0,
          0.0,
          0.6963106238227912,
          -0.5222329678670935,
          -0.2773500981126146,
          -0.40824829046386296,
          -1.5811388300841895,
          0.0,
          -0.5222329678670935,
          -0.5001952235383821,
          -0.40824829046386296,
          1.5275252316519468,
          0.0,
          -0.10644925908246995,
          0.30618621784789724,
          0.0870388279778489,
          0.0,
          -0.46776345066167246,
          0.0,
          0.0,
          0.0
        ],
        [
          -0.5962321926734027,
          -0.5962321926734028,
          0.0,
          0.0,
          -0.5222329678670934,
          0.2901294265928298,
          -0.2773500981126145,
          -0.4082482904638629,
          0.6324555320336758,
          0.0,
          0.2901294265928298,
          0.4786814504829673,
          0.06804138174397725,
          -0.6364688465216444,
          0.0,
          -0.47902166587111467,
          -0.40824829046386296,
          -0.5222329678670934,
          0.0,
          -0.53349735529091,
          0.0,
          0.0,
          0.0
        ],
        [
          -0.7929948327257837,
          -0.7929948327257837,
          0.0,
          0.0,
          0.6963106238227912,
          -0.5222329678670935,
          -0.2773500981126146,
          2.4494897427831783,
          0.6324555320336758,
          0.0,
          -0.5222329678670935,
          -0.613142532079307,
          -0.40824829046386296,
          -0.7637626158259734,
          0.0,
          0.2661231477061748,
          -0.4082482904638629,
          1.9148542155126758,
          0.0,
          1.625999776828929,
          0.0,
          0.0,
          0.0
        ],
        [
          -0.36544039740648315,
          -0.3654403974064832,
          0.0,
          0.0,
          -0.5222329678670934,
          -0.5222329678670935,
          -0.2773500981126146,
          -0.40824829046386296,
          0.6324555320336758,
          0.0,
          -0.5222329678670935,
          -0.9519844577020818,
          -0.40824829046386296,
          0.0,
          0.0,
          3.2467024020153326,
          2.449489742783178,
          -0.5222329678670934,
          0.0,
          2.3535357360252016,
          0.0,
          0.0,
          0.0
        ],
        [
          -0.38644188923855805,
          -0.38644188923855816,
          0.0,
          0.0,
          -0.5222329678670934,
          1.9148542155126764,
          3.6055512754639896,
          -0.40824829046386296,
          0.6324555320336758,
          0.0,
          1.9148542155126764,
          1.3069617131164168,
          2.4494897427831783,
          -0.7637626158259734,
          0.0,
          -0.4790216658711147,
          -0.4082482904638629,
          -0.5222329678670934,
          0.0,
          -0.53349735529091,
          0.0,
          0.0,
          0.0
        ]
      ],
      "silhouette_score": 0.32754517053139914,
      "inertia": 56.005848334579426
    },
    "dbscan": {
      "n_clusters": 0,
      "n_noise": 14,
      "cluster_labels": [
        -1,
        -1,
        -1,
        -1,
        -1,
        -1,
        -1,
        -1,
        -1,
        -1,
        -1,
        -1,
        -1,
        -1
      ],
      "outliers": [
        0,
        1,
        2,
        3,
        4,
        5,
        6,
        7,
        8,
        9,
        10,
        11,
        12,
        13
      ]
    },
    "hierarchical": {
      "n_clusters": 3,
      "cluster_assignments": [
        2,
        0,
        1,
        0,
        2,
        0,
        0,
        1,
        1,
        1,
        2,
        0,
        0,
        0
      ]
    },
    "spectral": {
      "n_clusters": 3,
      "cluster_labels": [
        2,
        2,
        0,
        2,
        1,
        2,
        2,
        0,
        0,
        0,
        1,
        2,
        2,
        2
      ]
    }
  },
  "anomaly_detection": {
    "isolation_forest": {
      "anomaly_scores": [
        -0.559388163545903,
        -0.450501769773021,
        -0.47641567562467696,
        -0.4463390961510531,
        -0.49993300002459407,
        -0.4073017172615302,
        -0.41192465820858765,
        -0.5853518291918387,
        -0.4538831599285839,
        -0.47880380483527596,
        -0.523945910603768,
        -0.5927929445607864,
        -0.47682822817334025,
        -0.5156659222822121
      ],
      "anomaly_labels": [
        1,
        1,
        1,
        1,
        1,
        1,
        1,
        -1,
        1,
        1,
        1,
        -1,
        1,
        1
      ],
      "anomalies_detected": [
        7,
        11
      ],
      "n_anomalies": 2
    },
    "lof": {
      "lof_scores": [
        -1.239169850931623,
        -0.9583044257017084,
        -0.9873998350134208,
        -1.004084645235409,
        -1.1368358198169393,
        -0.9764575756878688,
        -1.0325316247842775,
        -1.0517707974724684,
        -1.0688028480780367,
        -1.09913761271559,
        -1.1762849455278253,
        -1.2271582875535434,
        -0.9766653997308445,
        -0.9888354493636615
      ],
      "anomaly_labels": [
        1,
        1,
        1,
        1,
        1,
        1,
        1,
        1,
        1,
        1,
        1,
        1,
        1,
        1
      ],
      "anomalies_detected": [],
      "n_anomalies": 0
    },
    "one_class_svm": {
      "oc_svm_scores": [
        0.27790729818111143,
        0.27749290092434853,
        0.29486914486510984,
        0.27780281786986094,
        0.27765639987908786,
        0.28765760999105705,
        0.2930396802812361,
        0.2778771893545573,
        0.2779072964734882,
        0.2773474056348346,
        0.27806025550310753,
        0.2781192398490386,
        0.2778533823026163,
        0.2783055174234397
      ],
      "anomaly_labels": [
        1,
        -1,
        1,
        -1,
        -1,
        1,
        1,
        1,
        1,
        -1,
        1,
        1,
        1,
        1
      ],
      "anomalies_detected": [
        1,
        3,
        4,
        9
      ],
      "n_anomalies": 4
    }
  },
  "classification": {
    "random_forest": {
      "predictions": [
        1.0,
        0.0,
        0.0,
        0.0,
        1.0,
        0.0,
        0.0,
        1.0,
        0.0,
        0.0,
        1.0,
        0.0,
        0.0,
        0.0
      ],
      "probabilities": [
        [
          0.2,
          0.8
        ],
        [
          0.95,
          0.05
        ],
        [
          1.0,
          0.0
        ],
        [
          0.99,
          0.01
        ],
        [
          0.14,
          0.86
        ],
        [
          0.94,
          0.06
        ],
        [
          0.99,
          0.01
        ],
        [
          0.25,
          0.75
        ],
        [
          1.0,
          0.0
        ],
        [
          0.96,
          0.04
        ],
        [
          0.12,
          0.88
        ],
        [
          1.0,
          0.0
        ],
        [
          1.0,
          0.0
        ],
        [
          0.99,
          0.01
        ]
      ],
      "feature_importance": {
        "feature_0": 0.05338004356754358,
        "feature_1": 0.04571362503237502,
        "feature_2": 0.0,
        "feature_3": 0.0,
        "feature_4": 0.046538983953756684,
        "feature_5": 0.016704333398083398,
        "feature_6": 0.0001282051282051301,
        "feature_7": 0.06389202926702926,
        "feature_8": 0.007509000994796459,
        "feature_9": 0.0,
        "feature_10": 0.0038409090909090953,